{
  "negate": {
    "precision": 1.0,
    "recall": 1.0,
    "f1-score": 1.0,
    "support": 5,
    "confused_with": {}
  },
  "uninspiring": {
    "precision": 0.4,
    "recall": 0.15384615384615385,
    "f1-score": 0.2222222222222222,
    "support": 13,
    "confused_with": {
      "provide": 9,
      "accept": 2
    }
  },
  "accept provide": {
    "precision": 0.5,
    "recall": 0.2,
    "f1-score": 0.28571428571428575,
    "support": 10,
    "confused_with": {
      "provide": 7,
      "accept": 1
    }
  },
  "provide": {
    "precision": 0.9680451127819549,
    "recall": 0.9884836852207294,
    "f1-score": 0.9781576448243114,
    "support": 521,
    "confused_with": {
      "uninspiring": 3,
      "accept": 2
    }
  },
  "accept": {
    "precision": 0.7727272727272727,
    "recall": 0.8947368421052632,
    "f1-score": 0.8292682926829269,
    "support": 19,
    "confused_with": {
      "provide": 1,
      "accept provide": 1
    }
  },
  "accuracy": 0.9524647887323944,
  "macro avg": {
    "precision": 0.7281544771018454,
    "recall": 0.6474133362344292,
    "f1-score": 0.6630724890887493,
    "support": 568
  },
  "weighted avg": {
    "precision": 0.9405516231359449,
    "recall": 0.9524647887323944,
    "f1-score": 0.9438772222895664,
    "support": 568
  },
  "micro avg": {
    "precision": 0.9524647887323944,
    "recall": 0.9524647887323944,
    "f1-score": 0.9524647887323944,
    "support": 568
  }
}