{
  "negate": {
    "precision": 0.7142857142857143,
    "recall": 1.0,
    "f1-score": 0.8333333333333333,
    "support": 5,
    "confused_with": {}
  },
  "accept": {
    "precision": 0.8571428571428571,
    "recall": 0.9473684210526315,
    "f1-score": 0.9,
    "support": 19,
    "confused_with": {
      "provide": 1
    }
  },
  "accept provide": {
    "precision": 0.8636363636363636,
    "recall": 0.7307692307692307,
    "f1-score": 0.7916666666666666,
    "support": 26,
    "confused_with": {
      "provide": 5,
      "accept": 2
    }
  },
  "provide": {
    "precision": 0.9764243614931237,
    "recall": 0.9861111111111112,
    "f1-score": 0.9812438302073051,
    "support": 504,
    "confused_with": {
      "accept provide": 3,
      "uninspiring": 2
    }
  },
  "uninspiring": {
    "precision": 0.7142857142857143,
    "recall": 0.4166666666666667,
    "f1-score": 0.5263157894736842,
    "support": 12,
    "confused_with": {
      "provide": 6,
      "negate": 1
    }
  },
  "accuracy": 0.9611307420494699,
  "macro avg": {
    "precision": 0.8251550021687546,
    "recall": 0.816183085919928,
    "f1-score": 0.8065119239361979,
    "support": 566
  },
  "weighted avg": {
    "precision": 0.9593657156813625,
    "recall": 0.9611307420494699,
    "f1-score": 0.9588563249084203,
    "support": 566
  },
  "micro avg": {
    "precision": 0.9611307420494699,
    "recall": 0.9611307420494699,
    "f1-score": 0.9611307420494699,
    "support": 566
  }
}