{
  "accept": {
    "precision": 0.3333333333333333,
    "recall": 0.2,
    "f1-score": 0.25,
    "support": 5,
    "confused_with": {
      "affirm provide": 2,
      "uninspiring": 1,
      "affirm": 1
    }
  },
  "affirm provide": {
    "precision": 0.3333333333333333,
    "recall": 0.2,
    "f1-score": 0.25,
    "support": 5,
    "confused_with": {
      "provide": 3,
      "uninspiring": 1
    }
  },
  "provide": {
    "precision": 0.75,
    "recall": 0.9130434782608695,
    "f1-score": 0.8235294117647057,
    "support": 23,
    "confused_with": {
      "uninspiring": 2
    }
  },
  "uninspiring": {
    "precision": 0.4444444444444444,
    "recall": 0.6666666666666666,
    "f1-score": 0.5333333333333333,
    "support": 6,
    "confused_with": {
      "provide": 2
    }
  },
  "affirm": {
    "precision": 0.5,
    "recall": 0.16666666666666666,
    "f1-score": 0.25,
    "support": 6,
    "confused_with": {
      "provide": 2,
      "accept": 2,
      "uninspiring": 1
    }
  },
  "accuracy": 0.6222222222222222,
  "macro avg": {
    "precision": 0.47222222222222215,
    "recall": 0.4292753623188405,
    "f1-score": 0.42137254901960775,
    "support": 45
  },
  "weighted avg": {
    "precision": 0.5833333333333334,
    "recall": 0.6222222222222222,
    "f1-score": 0.5809150326797384,
    "support": 45
  },
  "micro avg": {
    "precision": 0.6222222222222222,
    "recall": 0.6222222222222222,
    "f1-score": 0.6222222222222222,
    "support": 45
  }
}