{
  "uninspiring": {
    "precision": 0.5,
    "recall": 0.16666666666666666,
    "f1-score": 0.25,
    "support": 6,
    "confused_with": {
      "affirm": 3,
      "affirm provide": 1
    }
  },
  "provide": {
    "precision": 0.8,
    "recall": 0.6956521739130435,
    "f1-score": 0.7441860465116279,
    "support": 23,
    "confused_with": {
      "affirm provide": 4,
      "affirm": 2
    }
  },
  "affirm": {
    "precision": 0.4,
    "recall": 0.6666666666666666,
    "f1-score": 0.5,
    "support": 6,
    "confused_with": {
      "uninspiring": 1,
      "accept": 1
    }
  },
  "affirm provide": {
    "precision": 0.0,
    "recall": 0.0,
    "f1-score": 0.0,
    "support": 5,
    "confused_with": {
      "provide": 4,
      "accept": 1
    }
  },
  "accept": {
    "precision": 0.5,
    "recall": 0.8,
    "f1-score": 0.6153846153846154,
    "support": 5,
    "confused_with": {
      "affirm": 1
    }
  },
  "accuracy": 0.5555555555555556,
  "macro avg": {
    "precision": 0.44000000000000006,
    "recall": 0.46579710144927533,
    "f1-score": 0.4219141323792487,
    "support": 45
  },
  "weighted avg": {
    "precision": 0.5844444444444445,
    "recall": 0.5555555555555556,
    "f1-score": 0.5487378254820114,
    "support": 45
  },
  "micro avg": {
    "precision": 0.5555555555555556,
    "recall": 0.5555555555555556,
    "f1-score": 0.5555555555555556,
    "support": 45
  }
}