{
  "uninspiring": {
    "precision": 0.375,
    "recall": 0.25,
    "f1-score": 0.3,
    "support": 12,
    "confused_with": {
      "provide": 8,
      "accept_provide": 1
    }
  },
  "accept_provide": {
    "precision": 0.25,
    "recall": 0.2,
    "f1-score": 0.22222222222222224,
    "support": 10,
    "confused_with": {
      "provide": 6,
      "accept": 2
    }
  },
  "provide": {
    "precision": 0.971042471042471,
    "recall": 0.9805068226120858,
    "f1-score": 0.9757516973811834,
    "support": 513,
    "confused_with": {
      "uninspiring": 5,
      "accept_provide": 3
    }
  },
  "accept": {
    "precision": 0.7894736842105263,
    "recall": 0.8333333333333334,
    "f1-score": 0.8108108108108109,
    "support": 18,
    "confused_with": {
      "accept_provide": 2,
      "provide": 1
    }
  },
  "accuracy": 0.945750452079566,
  "macro avg": {
    "precision": 0.5963790388132493,
    "recall": 0.5659600389863548,
    "f1-score": 0.5771961826035541,
    "support": 553
  },
  "weighted avg": {
    "precision": 0.9391596997478789,
    "recall": 0.945750452079566,
    "f1-score": 0.9420930155033705,
    "support": 553
  },
  "micro avg": {
    "precision": 0.945750452079566,
    "recall": 0.945750452079566,
    "f1-score": 0.945750452079566,
    "support": 553
  }
}